"MIDX","MEMID","MTITLE","MIMG","MPRO","MTODAY","MTOTAL"
1,dmemb,두나네,"1656986.jpg","두나네
어서와

배두나 아니다",3,2347
2,pororo,노는게 제일 좋아,abc.jpg,"친구들 모여라~~

언제나 즐거워
뽀로뽀로뽀로뽀로

뽀!로!로!",3,2932
3,totog,토토쨔응 미니홈피,daz.jpg,"나는 토토로가 아니라
토끼일지도 몰라..
",2,10004
4,dzmzb,몽키몽키매직,optimize.jpeg,"원숭이 나무에 올라가 
원숭이 나무에 올라가
뉴블래직 밤에도 원숭이는 디스코를 잘 추며 잘 노네

몽키 몽키매직 몽키매직",1,984
5,demeb,대부라고 불러다오,lee.jpeg,"그거 재밌겠네...




진행시켜",2,22896
6,dxoxb,강음악은 강한 뮤직,muz.jpg,"내이름 강음악
Music Strong이라 불러라",2,2100
7,hotdog,맛쉿는 핫도그,default.jpg,환영합니다!,1,9912
8,chicken,내 닭다리 내놔,default.jpg,환영합니다!,1,10888
9,pizza,피자는 사랑이쥬,default.jpg,환영합니다!,0,7942
10,jyplove,JYP Nation,jyp.jpg,나만큼 귀여운 강아지와 함께,11,5033
11,iamid,i am title,default.jpg,환영합니다!,0,4083
12,world42,사이월드에 어서와,default.jpg,환영합니다!,1,9873
13,kozaja,잘 준비 됐어?,default.jpg,환영합니다!,1,11002
14,Paradise,나감정의 사이월드,default.jpg,환영합니다!,0,13353
15,lotto,로또 번호 공유하자,default.jpg,환영합니다!,1,17895
16,test2,test2,default.jpg,환영합니다!,0,9838
